inventory_id,event_name,venue_name,event_date,event_id,quantity,section,row,seats,barcodes,internal_notes,public_notes,tags,list_price,face_price,taxed_cost,cost,hide_seats,in_hand,in_hand_date,instant_transfer,files_available,split_type,custom_split,stock_type,zone,shown_quantity,passthrough
65411051-9cea-4482-b3dd-f8faa55c206a,J Balvin - Back To The Rayo Tour,"Golden 1 Center, Sacramento, CA",2025-05-11T20:00:00.000Z,5366891,3,106,D,"11,12,13",,These are internal notes. @sec[106],These are D Row,,228.60,190.5,190.5,190.5,Y,N,2025-05-10,N,Y,NEVERLEAVEONE,,MOBILE_TRANSFER,N,,
8441c260-c130-4a1d-b303-1c098a6b5342,J Balvin - Back To The Rayo Tour,"Golden 1 Center, Sacramento, CA",2025-05-11T20:00:00.000Z,5366891,4,106,E,"5,6,7,8",,These are internal notes. @sec[106],These are E Row,,228.60,190.5,190.5,190.5,Y,N,2025-05-10,N,Y,NEVERLEAVEONE,,MOBILE_TRANSFER,N,,
65a44c8a-e1c3-4f83-81aa-6f3921d009d4,J Balvin - Back To The Rayo Tour,"Golden 1 Center, Sacramento, CA",2025-05-11T20:00:00.000Z,5366891,4,106,G,"10,11,12,13",,These are internal notes. @sec[106],These are G Row,,197.94,164.95,164.95,164.95,Y,N,2025-05-10,N,Y,NEVERLEAVEONE,,MOBILE_TRANSFER,N,,
9957d6e4-e867-409e-a770-728e2481d4a0,J Balvin - Back To The Rayo Tour,"Golden 1 Center, Sacramento, CA",2025-05-11T20:00:00.000Z,5366891,15,106,H,"4,5,6,7,8,9,10,11,12,13,14,15,16,17,18",,These are internal notes. @sec[106],These are H Row,,197.94,164.95,164.95,164.95,Y,N,2025-05-10,N,Y,NEVERLEAVEONE,,MOBILE_TRANSFER,N,,
a7857c81-79c3-4968-98c3-435de3eba2e1,J Balvin - Back To The Rayo Tour,"Golden 1 Center, Sacramento, CA",2025-05-11T20:00:00.000Z,5366891,12,106,J,"4,5,6,7,8,9,10,11,12,13,14,15",,These are internal notes. @sec[106],These are J Row,,197.94,164.95,164.95,164.95,Y,N,2025-05-10,N,Y,NEVERLEAVEONE,,MOBILE_TRANSFER,N,,
3c856e59-912c-41fc-9718-2070d78ce559,J Balvin - Back To The Rayo Tour,"Golden 1 Center, Sacramento, CA",2025-05-11T20:00:00.000Z,5366891,3,106,J,"1,2,3",,These are internal notes. @sec[106],These are J Row,,197.94,164.95,164.95,164.95,Y,N,2025-05-10,N,Y,NEVERLEAVEONE,,MOBILE_TRANSFER,N,,
8696d03d-8111-4249-8a6e-516a9a8b25ba,J Balvin - Back To The Rayo Tour,"Golden 1 Center, Sacramento, CA",2025-05-11T20:00:00.000Z,5366891,15,106,K,"4,5,6,7,8,9,10,11,12,13,14,15,16,17,18",,These are internal notes. @sec[106],These are K Row,,197.94,164.95,164.95,164.95,Y,N,2025-05-10,N,Y,NEVERLEAVEONE,,MOBILE_TRANSFER,N,,
40f91296-aa15-45a5-8462-6cc69cbcb656,J Balvin - Back To The Rayo Tour,"Golden 1 Center, Sacramento, CA",2025-05-11T20:00:00.000Z,5366891,3,106,K,"1,2,3",,These are internal notes. @sec[106],These are K Row,,197.94,164.95,164.95,164.95,Y,N,2025-05-10,N,Y,NEVERLEAVEONE,,MOBILE_TRANSFER,N,,
7291b6fd-5eb9-4769-9971-291458204c08,J Balvin - Back To The Rayo Tour,"Golden 1 Center, Sacramento, CA",2025-05-11T20:00:00.000Z,5366891,15,106,L,"4,5,6,7,8,9,10,11,12,13,14,15,16,17,18",,These are internal notes. @sec[106],These are L Row,,197.94,164.95,164.95,164.95,Y,N,2025-05-10,N,Y,NEVERLEAVEONE,,MOBILE_TRANSFER,N,,
5ef1ac6f-613f-4c6d-96c6-eadec62b83fe,J Balvin - Back To The Rayo Tour,"Golden 1 Center, Sacramento, CA",2025-05-11T20:00:00.000Z,5366891,10,106,M,"7,8,9,10,11,12,13,14,15,16",,These are internal notes. @sec[106],These are M Row,,197.94,164.95,164.95,164.95,Y,N,2025-05-10,N,Y,NEVERLEAVEONE,,MOBILE_TRANSFER,N,,
fc443b31-4e05-4202-921c-3b9e9f93e48a,J Balvin - Back To The Rayo Tour,"Golden 1 Center, Sacramento, CA",2025-05-11T20:00:00.000Z,5366891,5,106,Q,"4,5,6,7,8",,These are internal notes. @sec[106],These are Q Row,,197.94,164.95,164.95,164.95,Y,N,2025-05-10,N,Y,NEVERLEAVEONE,,MOBILE_TRANSFER,N,,
91b97343-f2a8-4140-b21d-c5551d9dc6d0,J Balvin - Back To The Rayo Tour,"Golden 1 Center, Sacramento, CA",2025-05-11T20:00:00.000Z,5366891,3,106,Q,"1,2,3",,These are internal notes. @sec[106],These are Q Row,,197.94,164.95,164.95,164.95,Y,N,2025-05-10,N,Y,NEVERLEAVEONE,,MOBILE_TRANSFER,N,,
6c5d4ff3-87a3-4aef-b5b0-257bbdd0b2a6,J Balvin - Back To The Rayo Tour,"Golden 1 Center, Sacramento, CA",2025-05-11T20:00:00.000Z,5366891,11,106,R,"4,5,6,7,8,9,10,11,12,13,14",,These are internal notes. @sec[106],These are R Row,,197.94,164.95,164.95,164.95,Y,N,2025-05-10,N,Y,NEVERLEAVEONE,,MOBILE_TRANSFER,N,,
c6497558-91a8-48bd-9de0-11a1a82a4872,J Balvin - Back To The Rayo Tour,"Golden 1 Center, Sacramento, CA",2025-05-11T20:00:00.000Z,5366891,3,106,R,"1,2,3",,These are internal notes. @sec[106],These are R Row,,197.94,164.95,164.95,164.95,Y,N,2025-05-10,N,Y,NEVERLEAVEONE,,MOBILE_TRANSFER,N,,
d226959c-ee59-4739-81fe-31ba604c3847,J Balvin - Back To The Rayo Tour,"Golden 1 Center, Sacramento, CA",2025-05-11T20:00:00.000Z,5366891,6,106,T,"13,14,15,16,17,18",,These are internal notes. @sec[106],These are T Row,,197.94,164.95,164.95,164.95,Y,N,2025-05-10,N,Y,NEVERLEAVEONE,,MOBILE_TRANSFER,N,,
f8d49560-9669-4a22-922e-47ffdc64cf35,J Balvin - Back To The Rayo Tour,"Golden 1 Center, Sacramento, CA",2025-05-11T20:00:00.000Z,5366891,6,106,U,"13,14,15,16,17,18",,These are internal notes. @sec[106],These are U Row,,197.94,164.95,164.95,164.95,Y,N,2025-05-10,N,Y,NEVERLEAVEONE,,MOBILE_TRANSFER,N,,
626e544b-dcfd-47f6-9156-acf463c053d5,J Balvin - Back To The Rayo Tour,"Golden 1 Center, Sacramento, CA",2025-05-11T20:00:00.000Z,5366891,6,106,V,"13,14,15,16,17,18",,These are internal notes. @sec[106],These are V Row,,197.94,164.95,164.95,164.95,Y,N,2025-05-10,N,Y,NEVERLEAVEONE,,MOBILE_TRANSFER,N,,
a4998289-2be6-4339-9394-0144592894f7,J Balvin - Back To The Rayo Tour,"Golden 1 Center, Sacramento, CA",2025-05-11T20:00:00.000Z,5366891,4,107,L,"12,13,14,15",,These are internal notes. @sec[107],These are L Row,,167.28,139.4,139.4,139.4,Y,N,2025-05-10,N,Y,NEVERLEAVEONE,,MOBILE_TRANSFER,N,,
da66e03c-6e46-4e2b-b930-5e9b795ff11f,J Balvin - Back To The Rayo Tour,"Golden 1 Center, Sacramento, CA",2025-05-11T20:00:00.000Z,5366891,11,107,M,"6,7,8,9,10,11,12,13,14,15,16",,These are internal notes. @sec[107],These are M Row,,167.28,139.4,139.4,139.4,Y,N,2025-05-10,N,Y,NEVERLEAVEONE,,MOBILE_TRANSFER,N,,
3768cdb5-d053-4f52-bb89-716e3b1e5244,J Balvin - Back To The Rayo Tour,"Golden 1 Center, Sacramento, CA",2025-05-11T20:00:00.000Z,5366891,10,107,P,"4,5,6,7,8,9,10,11,12,13",,These are internal notes. @sec[107],These are P Row,,167.28,139.4,139.4,139.4,Y,N,2025-05-10,N,Y,NEVERLEAVEONE,,MOBILE_TRANSFER,N,,
e039f211-0759-401b-b95a-f7a2c99720ba,J Balvin - Back To The Rayo Tour,"Golden 1 Center, Sacramento, CA",2025-05-11T20:00:00.000Z,5366891,11,107,Q,"4,5,6,7,8,9,10,11,12,13,14",,These are internal notes. @sec[107],These are Q Row,,167.28,139.4,139.4,139.4,Y,N,2025-05-10,N,Y,NEVERLEAVEONE,,MOBILE_TRANSFER,N,,
b1589030-2548-4aec-8c88-4ee13ec1b5d0,J Balvin - Back To The Rayo Tour,"Golden 1 Center, Sacramento, CA",2025-05-11T20:00:00.000Z,5366891,7,107,S,"4,5,6,7,8,9,10",,These are internal notes. @sec[107],These are S Row,,167.28,139.4,139.4,139.4,Y,N,2025-05-10,N,Y,NEVERLEAVEONE,,MOBILE_TRANSFER,N,,
c2b9f5db-5edd-4285-b97b-5ffa88268523,J Balvin - Back To The Rayo Tour,"Golden 1 Center, Sacramento, CA",2025-05-11T20:00:00.000Z,5366891,2,107,S,"2,3",,These are internal notes. @sec[107],These are S Row,,167.28,139.4,139.4,139.4,Y,N,2025-05-10,N,Y,NEVERLEAVEONE,,MOBILE_TRANSFER,N,,
f18b5388-f3db-4fa6-b157-b9517611ed4a,J Balvin - Back To The Rayo Tour,"Golden 1 Center, Sacramento, CA",2025-05-11T20:00:00.000Z,5366891,3,107,T,"4,5,6",,These are internal notes. @sec[107],These are T Row,,167.28,139.4,139.4,139.4,Y,N,2025-05-10,N,Y,NEVERLEAVEONE,,MOBILE_TRANSFER,N,,
b5f49c07-dc6e-4e81-88c0-c51c5c714f8e,J Balvin - Back To The Rayo Tour,"Golden 1 Center, Sacramento, CA",2025-05-11T20:00:00.000Z,5366891,2,108,F,"13,14",,These are internal notes. @sec[108],These are F Row,,167.28,139.4,139.4,139.4,Y,N,2025-05-10,N,Y,NEVERLEAVEONE,,MOBILE_TRANSFER,N,,
44957707-a9ad-44f5-b093-1f9622ae986a,J Balvin - Back To The Rayo Tour,"Golden 1 Center, Sacramento, CA",2025-05-11T20:00:00.000Z,5366891,3,108,G,"14,15,16",,These are internal notes. @sec[108],These are G Row,,167.28,139.4,139.4,139.4,Y,N,2025-05-10,N,Y,NEVERLEAVEONE,,MOBILE_TRANSFER,N,,
84b2e64a-d0bc-40ce-8741-d98a4a8202fb,J Balvin - Back To The Rayo Tour,"Golden 1 Center, Sacramento, CA",2025-05-11T20:00:00.000Z,5366891,12,108,H,"5,6,7,8,9,10,11,12,13,14,15,16",,These are internal notes. @sec[108],These are H Row,,167.28,139.4,139.4,139.4,Y,N,2025-05-10,N,Y,NEVERLEAVEONE,,MOBILE_TRANSFER,N,,
c3c63337-e1bc-4ae8-a81a-4749e1f71462,J Balvin - Back To The Rayo Tour,"Golden 1 Center, Sacramento, CA",2025-05-11T20:00:00.000Z,5366891,11,108,J,"5,6,7,8,9,10,11,12,13,14,15",,These are internal notes. @sec[108],These are J Row,,167.28,139.4,139.4,139.4,Y,N,2025-05-10,N,Y,NEVERLEAVEONE,,MOBILE_TRANSFER,N,,
7292f56d-0f15-4a4b-b39e-df32ee5cab53,J Balvin - Back To The Rayo Tour,"Golden 1 Center, Sacramento, CA",2025-05-11T20:00:00.000Z,5366891,15,108,K,"4,5,6,7,8,9,10,11,12,13,14,15,16,17,18",,These are internal notes. @sec[108],These are K Row,,167.28,139.4,139.4,139.4,Y,N,2025-05-10,N,Y,NEVERLEAVEONE,,MOBILE_TRANSFER,N,,
b2071496-b6b7-4993-80e4-873de0de97e2,J Balvin - Back To The Rayo Tour,"Golden 1 Center, Sacramento, CA",2025-05-11T20:00:00.000Z,5366891,11,108,W,"4,5,6,7,8,9,10,11,12,13,14",,These are internal notes. @sec[108],These are W Row,,136.62,113.85,113.85,113.85,Y,N,2025-05-10,N,Y,NEVERLEAVEONE,,MOBILE_TRANSFER,N,,
6c46ee6a-9603-439a-ae87-e20ba840721e,J Balvin - Back To The Rayo Tour,"Golden 1 Center, Sacramento, CA",2025-05-11T20:00:00.000Z,5366891,2,119,H,"5,6",,These are internal notes. @sec[119],These are H Row,,167.28,139.4,139.4,139.4,Y,N,2025-05-10,N,Y,NEVERLEAVEONE,,MOBILE_TRANSFER,N,,
21cc8d05-c212-4fdd-88ea-2a5916cfd206,J Balvin - Back To The Rayo Tour,"Golden 1 Center, Sacramento, CA",2025-05-11T20:00:00.000Z,5366891,9,119,J,"4,5,6,7,8,9,10,11,12",,These are internal notes. @sec[119],These are J Row,,167.28,139.4,139.4,139.4,Y,N,2025-05-10,N,Y,NEVERLEAVEONE,,MOBILE_TRANSFER,N,,
fbd46f0d-76cc-4e26-8e06-e6c39753cf47,J Balvin - Back To The Rayo Tour,"Golden 1 Center, Sacramento, CA",2025-05-11T20:00:00.000Z,5366891,7,119,V,"4,5,6,7,8,9,10",,These are internal notes. @sec[119],These are V Row,,136.62,113.85,113.85,113.85,Y,N,2025-05-10,N,Y,NEVERLEAVEONE,,MOBILE_TRANSFER,N,,
0450117e-0201-4c06-bd1f-83b1a1ff8a00,J Balvin - Back To The Rayo Tour,"Golden 1 Center, Sacramento, CA",2025-05-11T20:00:00.000Z,5366891,3,119,V,"1,2,3",,These are internal notes. @sec[119],These are V Row,,136.62,113.85,113.85,113.85,Y,N,2025-05-10,N,Y,NEVERLEAVEONE,,MOBILE_TRANSFER,N,,
e90cdcea-8f48-472f-93df-00d97161cbdc,J Balvin - Back To The Rayo Tour,"Golden 1 Center, Sacramento, CA",2025-05-11T20:00:00.000Z,5366891,8,120,M,"4,5,6,7,8,9,10,11",,These are internal notes. @sec[120],These are M Row,,167.28,139.4,139.4,139.4,Y,N,2025-05-10,N,Y,NEVERLEAVEONE,,MOBILE_TRANSFER,N,,
fc5c05c8-6cbb-485a-83a8-abdaf5d3a5e8,J Balvin - Back To The Rayo Tour,"Golden 1 Center, Sacramento, CA",2025-05-11T20:00:00.000Z,5366891,8,120,N,"4,5,6,7,8,9,10,11",,These are internal notes. @sec[120],These are N Row,,167.28,139.4,139.4,139.4,Y,N,2025-05-10,N,Y,NEVERLEAVEONE,,MOBILE_TRANSFER,N,,
fe228659-d76a-4f4d-8237-538f008d139f,J Balvin - Back To The Rayo Tour,"Golden 1 Center, Sacramento, CA",2025-05-11T20:00:00.000Z,5366891,12,120,Q,"5,6,7,8,9,10,11,12,13,14,15,16",,These are internal notes. @sec[120],These are Q Row,,167.28,139.4,139.4,139.4,Y,N,2025-05-10,N,Y,NEVERLEAVEONE,,MOBILE_TRANSFER,N,,
47c5d6bd-890d-482c-b703-a007ff991c13,J Balvin - Back To The Rayo Tour,"Golden 1 Center, Sacramento, CA",2025-05-11T20:00:00.000Z,5366891,9,120,T,"5,6,7,8,9,10,11,12,13",,These are internal notes. @sec[120],These are T Row,,167.28,139.4,139.4,139.4,Y,N,2025-05-10,N,Y,NEVERLEAVEONE,,MOBILE_TRANSFER,N,,
5714be2d-6308-4953-b47a-9c6ab911d3eb,J Balvin - Back To The Rayo Tour,"Golden 1 Center, Sacramento, CA",2025-05-11T20:00:00.000Z,5366891,3,121,D,"7,8,9",,These are internal notes. @sec[121],These are D Row,,228.60,190.5,190.5,190.5,Y,N,2025-05-10,N,Y,NEVERLEAVEONE,,MOBILE_TRANSFER,N,,
2332eeec-1ccf-432f-8070-be0c0a9f5da2,J Balvin - Back To The Rayo Tour,"Golden 1 Center, Sacramento, CA",2025-05-11T20:00:00.000Z,5366891,2,121,E,"7,8",,These are internal notes. @sec[121],These are E Row,,228.60,190.5,190.5,190.5,Y,N,2025-05-10,N,Y,NEVERLEAVEONE,,MOBILE_TRANSFER,N,,
f044b91e-7ac9-4792-98d9-9a0290004928,J Balvin - Back To The Rayo Tour,"Golden 1 Center, Sacramento, CA",2025-05-11T20:00:00.000Z,5366891,3,121,G,"11,12,13",,These are internal notes. @sec[121],These are G Row,,228.60,190.5,190.5,190.5,Y,N,2025-05-10,N,Y,NEVERLEAVEONE,,MOBILE_TRANSFER,N,,
634e0dbd-8e1d-42cb-b117-0b715f24059c,J Balvin - Back To The Rayo Tour,"Golden 1 Center, Sacramento, CA",2025-05-11T20:00:00.000Z,5366891,3,121,H,"7,8,9",,These are internal notes. @sec[121],These are H Row,,197.94,164.95,164.95,164.95,Y,N,2025-05-10,N,Y,NEVERLEAVEONE,,MOBILE_TRANSFER,N,,
5882f569-0794-40d8-87f2-e56ef71790df,J Balvin - Back To The Rayo Tour,"Golden 1 Center, Sacramento, CA",2025-05-11T20:00:00.000Z,5366891,3,121,J,"6,7,8",,These are internal notes. @sec[121],These are J Row,,197.94,164.95,164.95,164.95,Y,N,2025-05-10,N,Y,NEVERLEAVEONE,,MOBILE_TRANSFER,N,,
2dda24fa-8b2d-41b7-b05b-fdac57a4389f,J Balvin - Back To The Rayo Tour,"Golden 1 Center, Sacramento, CA",2025-05-11T20:00:00.000Z,5366891,3,121,J,"12,13,14",,These are internal notes. @sec[121],These are J Row,,197.94,164.95,164.95,164.95,Y,N,2025-05-10,N,Y,NEVERLEAVEONE,,MOBILE_TRANSFER,N,,
80d91ea3-d864-4932-9ab0-faef41a9f108,J Balvin - Back To The Rayo Tour,"Golden 1 Center, Sacramento, CA",2025-05-11T20:00:00.000Z,5366891,15,121,K,"4,5,6,7,8,9,10,11,12,13,14,15,16,17,18",,These are internal notes. @sec[121],These are K Row,,197.94,164.95,164.95,164.95,Y,N,2025-05-10,N,Y,NEVERLEAVEONE,,MOBILE_TRANSFER,N,,
15fbc762-a129-405d-a72b-e44c21de1956,J Balvin - Back To The Rayo Tour,"Golden 1 Center, Sacramento, CA",2025-05-11T20:00:00.000Z,5366891,3,121,K,"1,2,3",,These are internal notes. @sec[121],These are K Row,,197.94,164.95,164.95,164.95,Y,N,2025-05-10,N,Y,NEVERLEAVEONE,,MOBILE_TRANSFER,N,,
63e5fde6-a2df-4ad5-879b-a730fdc444fa,J Balvin - Back To The Rayo Tour,"Golden 1 Center, Sacramento, CA",2025-05-11T20:00:00.000Z,5366891,8,121,L,"4,5,6,7,8,9,10,11",,These are internal notes. @sec[121],These are L Row,,197.94,164.95,164.95,164.95,Y,N,2025-05-10,N,Y,NEVERLEAVEONE,,MOBILE_TRANSFER,N,,
c7e54cfa-414e-407d-8865-48672fa194ed,J Balvin - Back To The Rayo Tour,"Golden 1 Center, Sacramento, CA",2025-05-11T20:00:00.000Z,5366891,3,121,L,"1,2,3",,These are internal notes. @sec[121],These are L Row,,197.94,164.95,164.95,164.95,Y,N,2025-05-10,N,Y,NEVERLEAVEONE,,MOBILE_TRANSFER,N,,
47e56c85-b354-47b2-9693-a1b7866841ce,J Balvin - Back To The Rayo Tour,"Golden 1 Center, Sacramento, CA",2025-05-11T20:00:00.000Z,5366891,12,121,M,"4,5,6,7,8,9,10,11,12,13,14,15",,These are internal notes. @sec[121],These are M Row,,197.94,164.95,164.95,164.95,Y,N,2025-05-10,N,Y,NEVERLEAVEONE,,MOBILE_TRANSFER,N,,
dd34d8af-56c7-4afa-8710-9bed12e1d0ac,J Balvin - Back To The Rayo Tour,"Golden 1 Center, Sacramento, CA",2025-05-11T20:00:00.000Z,5366891,3,121,M,"1,2,3",,These are internal notes. @sec[121],These are M Row,,197.94,164.95,164.95,164.95,Y,N,2025-05-10,N,Y,NEVERLEAVEONE,,MOBILE_TRANSFER,N,,
b03f2b73-9a15-457e-8764-dc0337d9a875,J Balvin - Back To The Rayo Tour,"Golden 1 Center, Sacramento, CA",2025-05-11T20:00:00.000Z,5366891,13,121,N,"4,5,6,7,8,9,10,11,12,13,14,15,16",,These are internal notes. @sec[121],These are N Row,,197.94,164.95,164.95,164.95,Y,N,2025-05-10,N,Y,NEVERLEAVEONE,,MOBILE_TRANSFER,N,,
af9e0bdd-da6a-42f6-a91d-1c2c629c04ed,J Balvin - Back To The Rayo Tour,"Golden 1 Center, Sacramento, CA",2025-05-11T20:00:00.000Z,5366891,3,121,N,"1,2,3",,These are internal notes. @sec[121],These are N Row,,197.94,164.95,164.95,164.95,Y,N,2025-05-10,N,Y,NEVERLEAVEONE,,MOBILE_TRANSFER,N,,
9a08bde4-6665-42b1-8e09-f43450354775,J Balvin - Back To The Rayo Tour,"Golden 1 Center, Sacramento, CA",2025-05-11T20:00:00.000Z,5366891,8,121,P,"11,12,13,14,15,16,17,18",,These are internal notes. @sec[121],These are P Row,,197.94,164.95,164.95,164.95,Y,N,2025-05-10,N,Y,NEVERLEAVEONE,,MOBILE_TRANSFER,N,,
0a27fe17-9f68-4279-9fce-be90a3f07902,J Balvin - Back To The Rayo Tour,"Golden 1 Center, Sacramento, CA",2025-05-11T20:00:00.000Z,5366891,2,121,S,"11,12",,These are internal notes. @sec[121],These are S Row,,197.94,164.95,164.95,164.95,Y,N,2025-05-10,N,Y,NEVERLEAVEONE,,MOBILE_TRANSFER,N,,
b1182f66-75d9-4dd1-8a83-23510315ddce,J Balvin - Back To The Rayo Tour,"Golden 1 Center, Sacramento, CA",2025-05-11T20:00:00.000Z,5366891,15,121,T,"4,5,6,7,8,9,10,11,12,13,14,15,16,17,18",,These are internal notes. @sec[121],These are T Row,,197.94,164.95,164.95,164.95,Y,N,2025-05-10,N,Y,NEVERLEAVEONE,,MOBILE_TRANSFER,N,,
b5b1139a-fbb5-49a7-9031-a41ce09adce8,J Balvin - Back To The Rayo Tour,"Golden 1 Center, Sacramento, CA",2025-05-11T20:00:00.000Z,5366891,3,121,T,"1,2,3",,These are internal notes. @sec[121],These are T Row,,197.94,164.95,164.95,164.95,Y,N,2025-05-10,N,Y,NEVERLEAVEONE,,MOBILE_TRANSFER,N,,
6e138d7c-5502-4f1f-9eb4-1007c11e5471,J Balvin - Back To The Rayo Tour,"Golden 1 Center, Sacramento, CA",2025-05-11T20:00:00.000Z,5366891,7,121,V,"6,7,8,9,10,11,12",,These are internal notes. @sec[121],These are V Row,,197.94,164.95,164.95,164.95,Y,N,2025-05-10,N,Y,NEVERLEAVEONE,,MOBILE_TRANSFER,N,,
56899f6b-35af-4205-a261-90fba24fdfae,J Balvin - Back To The Rayo Tour,"Golden 1 Center, Sacramento, CA",2025-05-11T20:00:00.000Z,5366891,13,208,A,"5,6,7,8,9,10,11,12,13,14,15,16,17",,These are internal notes. @sec[208],These are A Row,,75.30,62.75,62.75,62.75,Y,N,2025-05-10,N,Y,NEVERLEAVEONE,,MOBILE_TRANSFER,N,,
15249765-9809-487a-aae0-4aa689e7d4ef,J Balvin - Back To The Rayo Tour,"Golden 1 Center, Sacramento, CA",2025-05-11T20:00:00.000Z,5366891,3,208,B,"1,2,3",,These are internal notes. @sec[208],These are B Row,,75.30,62.75,62.75,62.75,Y,N,2025-05-10,N,Y,NEVERLEAVEONE,,MOBILE_TRANSFER,N,,
8083b4e1-d904-4d87-ad9f-7626a037e843,J Balvin - Back To The Rayo Tour,"Golden 1 Center, Sacramento, CA",2025-05-11T20:00:00.000Z,5366891,7,208,E,"4,5,6,7,8,9,10",,These are internal notes. @sec[208],These are E Row,,75.30,62.75,62.75,62.75,Y,N,2025-05-10,N,Y,NEVERLEAVEONE,,MOBILE_TRANSFER,N,,
1ad69d02-bcac-444c-a4e9-65f031243048,J Balvin - Back To The Rayo Tour,"Golden 1 Center, Sacramento, CA",2025-05-11T20:00:00.000Z,5366891,3,208,E,"1,2,3",,These are internal notes. @sec[208],These are E Row,,75.30,62.75,62.75,62.75,Y,N,2025-05-10,N,Y,NEVERLEAVEONE,,MOBILE_TRANSFER,N,,
528bb8c6-40a7-4f5d-84b7-b7b073956c0e,J Balvin - Back To The Rayo Tour,"Golden 1 Center, Sacramento, CA",2025-05-11T20:00:00.000Z,5366891,8,208,F,"4,5,6,7,8,9,10,11",,These are internal notes. @sec[208],These are F Row,,75.30,62.75,62.75,62.75,Y,N,2025-05-10,N,Y,NEVERLEAVEONE,,MOBILE_TRANSFER,N,,
142d9a92-15d9-414d-9a73-6850186434f2,J Balvin - Back To The Rayo Tour,"Golden 1 Center, Sacramento, CA",2025-05-11T20:00:00.000Z,5366891,3,208,F,"1,2,3",,These are internal notes. @sec[208],These are F Row,,75.30,62.75,62.75,62.75,Y,N,2025-05-10,N,Y,NEVERLEAVEONE,,MOBILE_TRANSFER,N,,
be5a9a19-2ab5-423c-87b3-763980107886,J Balvin - Back To The Rayo Tour,"Golden 1 Center, Sacramento, CA",2025-05-11T20:00:00.000Z,5366891,15,208,G,"7,8,9,10,11,12,13,14,15,16,17,18,19,20,21",,These are internal notes. @sec[208],These are G Row,,75.30,62.75,62.75,62.75,Y,N,2025-05-10,N,Y,NEVERLEAVEONE,,MOBILE_TRANSFER,N,,
e17b7a98-28cd-4f9f-804d-b7c5aeb3e7ae,J Balvin - Back To The Rayo Tour,"Golden 1 Center, Sacramento, CA",2025-05-11T20:00:00.000Z,5366891,4,208,G,"24,25,26,27",,These are internal notes. @sec[208],These are G Row,,75.30,62.75,62.75,62.75,Y,N,2025-05-10,N,Y,NEVERLEAVEONE,,MOBILE_TRANSFER,N,,
8a2d356b-1001-4fd6-980e-5413f381b771,J Balvin - Back To The Rayo Tour,"Golden 1 Center, Sacramento, CA",2025-05-11T20:00:00.000Z,5366891,12,208,H,"4,5,6,7,8,9,10,11,12,13,14,15",,These are internal notes. @sec[208],These are H Row,,75.30,62.75,62.75,62.75,Y,N,2025-05-10,N,Y,NEVERLEAVEONE,,MOBILE_TRANSFER,N,,
80ec9103-0fa1-4040-afd5-9faf1197d6c8,J Balvin - Back To The Rayo Tour,"Golden 1 Center, Sacramento, CA",2025-05-11T20:00:00.000Z,5366891,3,208,H,"1,2,3",,These are internal notes. @sec[208],These are H Row,,75.30,62.75,62.75,62.75,Y,N,2025-05-10,N,Y,NEVERLEAVEONE,,MOBILE_TRANSFER,N,,
73bb65e1-8f27-4022-a4be-d8143b0a5959,J Balvin - Back To The Rayo Tour,"Golden 1 Center, Sacramento, CA",2025-05-11T20:00:00.000Z,5366891,22,208,J,"4,5,6,7,8,9,10,11,12,13,14,15,16,17,18,19,20,21,22,23,24,25",,These are internal notes. @sec[208],These are J Row,,75.30,62.75,62.75,62.75,Y,N,2025-05-10,N,Y,NEVERLEAVEONE,,MOBILE_TRANSFER,N,,
2b2fa97c-7cba-4ece-9caf-5af65045c25a,J Balvin - Back To The Rayo Tour,"Golden 1 Center, Sacramento, CA",2025-05-11T20:00:00.000Z,5366891,22,208,K,"5,6,7,8,9,10,11,12,13,14,15,16,17,18,19,20,21,22,23,24,25,26",,These are internal notes. @sec[208],These are K Row,,75.30,62.75,62.75,62.75,Y,N,2025-05-10,N,Y,NEVERLEAVEONE,,MOBILE_TRANSFER,N,,
badec005-fb92-4f1a-9c0e-e427d6facb80,J Balvin - Back To The Rayo Tour,"Golden 1 Center, Sacramento, CA",2025-05-11T20:00:00.000Z,5366891,21,208,L,"7,8,9,10,11,12,13,14,15,16,17,18,19,20,21,22,23,24,25,26,27",,These are internal notes. @sec[208],These are L Row,,75.30,62.75,62.75,62.75,Y,N,2025-05-10,N,Y,NEVERLEAVEONE,,MOBILE_TRANSFER,N,,
74b84364-b890-4441-9e05-2369278b0b3c,J Balvin - Back To The Rayo Tour,"Golden 1 Center, Sacramento, CA",2025-05-11T20:00:00.000Z,5366891,20,208,M,"8,9,10,11,12,13,14,15,16,17,18,19,20,21,22,23,24,25,26,27",,These are internal notes. @sec[208],These are M Row,,75.30,62.75,62.75,62.75,Y,N,2025-05-10,N,Y,NEVERLEAVEONE,,MOBILE_TRANSFER,N,,
32cd1c98-904e-4d68-a90a-3e6d3deba920,J Balvin - Back To The Rayo Tour,"Golden 1 Center, Sacramento, CA",2025-05-11T20:00:00.000Z,5366891,20,208,N,"9,10,11,12,13,14,15,16,17,18,19,20,21,22,23,24,25,26,27,28",,These are internal notes. @sec[208],These are N Row,,75.30,62.75,62.75,62.75,Y,N,2025-05-10,N,Y,NEVERLEAVEONE,,MOBILE_TRANSFER,N,,
5b805525-be5e-4a26-80bb-f738e23da923,J Balvin - Back To The Rayo Tour,"Golden 1 Center, Sacramento, CA",2025-05-11T20:00:00.000Z,5366891,20,208,P,"10,11,12,13,14,15,16,17,18,19,20,21,22,23,24,25,26,27,28,29",,These are internal notes. @sec[208],These are P Row,,75.30,62.75,62.75,62.75,Y,N,2025-05-10,N,Y,NEVERLEAVEONE,,MOBILE_TRANSFER,N,,
fde36519-9e20-45fa-9dd0-600afd39b215,J Balvin - Back To The Rayo Tour,"Golden 1 Center, Sacramento, CA",2025-05-11T20:00:00.000Z,5366891,19,208,Q,"11,12,13,14,15,16,17,18,19,20,21,22,23,24,25,26,27,28,29",,These are internal notes. @sec[208],These are Q Row,,75.30,62.75,62.75,62.75,Y,N,2025-05-10,N,Y,NEVERLEAVEONE,,MOBILE_TRANSFER,N,,
142d0262-821e-416d-ac49-75e5b0c4a8f1,J Balvin - Back To The Rayo Tour,"Golden 1 Center, Sacramento, CA",2025-05-11T20:00:00.000Z,5366891,2,208,B,"10,11",,These are internal notes. @sec[208],These are B Row,,75.30,62.75,62.75,62.75,Y,N,2025-05-10,N,Y,NEVERLEAVEONE,,MOBILE_TRANSFER,N,,
b75a4bf8-5005-47eb-a132-fa5b2176d0a4,J Balvin - Back To The Rayo Tour,"Golden 1 Center, Sacramento, CA",2025-05-11T20:00:00.000Z,5366891,15,209,A,"4,5,6,7,8,9,10,11,12,13,14,15,16,17,18",,These are internal notes. @sec[209],These are A Row,,75.30,62.75,62.75,62.75,Y,N,2025-05-10,N,Y,NEVERLEAVEONE,,MOBILE_TRANSFER,N,,
3044c55c-6060-4849-a70d-34a4a8fba10c,J Balvin - Back To The Rayo Tour,"Golden 1 Center, Sacramento, CA",2025-05-11T20:00:00.000Z,5366891,3,209,A,"1,2,3",,These are internal notes. @sec[209],These are A Row,,75.30,62.75,62.75,62.75,Y,N,2025-05-10,N,Y,NEVERLEAVEONE,,MOBILE_TRANSFER,N,,
893ffc06-76ac-439e-bbee-14a436e0ebe2,J Balvin - Back To The Rayo Tour,"Golden 1 Center, Sacramento, CA",2025-05-11T20:00:00.000Z,5366891,15,209,B,"5,6,7,8,9,10,11,12,13,14,15,16,17,18,19",,These are internal notes. @sec[209],These are B Row,,75.30,62.75,62.75,62.75,Y,N,2025-05-10,N,Y,NEVERLEAVEONE,,MOBILE_TRANSFER,N,,
f5dc9e8f-808e-4d35-8128-d236bab5cef0,J Balvin - Back To The Rayo Tour,"Golden 1 Center, Sacramento, CA",2025-05-11T20:00:00.000Z,5366891,2,209,B,"1,2",,These are internal notes. @sec[209],These are B Row,,75.30,62.75,62.75,62.75,Y,N,2025-05-10,N,Y,NEVERLEAVEONE,,MOBILE_TRANSFER,N,,
c2341a01-9084-4481-bec0-13781d718e68,J Balvin - Back To The Rayo Tour,"Golden 1 Center, Sacramento, CA",2025-05-11T20:00:00.000Z,5366891,9,209,C,"4,5,6,7,8,9,10,11,12",,These are internal notes. @sec[209],These are C Row,,75.30,62.75,62.75,62.75,Y,N,2025-05-10,N,Y,NEVERLEAVEONE,,MOBILE_TRANSFER,N,,
c0a205bd-7d8b-4f2d-9d82-0bd70d7fc259,J Balvin - Back To The Rayo Tour,"Golden 1 Center, Sacramento, CA",2025-05-11T20:00:00.000Z,5366891,3,209,C,"1,2,3",,These are internal notes. @sec[209],These are C Row,,75.30,62.75,62.75,62.75,Y,N,2025-05-10,N,Y,NEVERLEAVEONE,,MOBILE_TRANSFER,N,,
07a9965d-d3c4-4ab2-bc18-2bbc0e59499f,J Balvin - Back To The Rayo Tour,"Golden 1 Center, Sacramento, CA",2025-05-11T20:00:00.000Z,5366891,10,209,D,"4,5,6,7,8,9,10,11,12,13",,These are internal notes. @sec[209],These are D Row,,75.30,62.75,62.75,62.75,Y,N,2025-05-10,N,Y,NEVERLEAVEONE,,MOBILE_TRANSFER,N,,
2ea2e868-6a87-4d8a-b701-5515d3dbe48c,J Balvin - Back To The Rayo Tour,"Golden 1 Center, Sacramento, CA",2025-05-11T20:00:00.000Z,5366891,3,209,D,"1,2,3",,These are internal notes. @sec[209],These are D Row,,75.30,62.75,62.75,62.75,Y,N,2025-05-10,N,Y,NEVERLEAVEONE,,MOBILE_TRANSFER,N,,
7939bbdb-23e9-49c0-b9c0-60ff065c1a38,J Balvin - Back To The Rayo Tour,"Golden 1 Center, Sacramento, CA",2025-05-11T20:00:00.000Z,5366891,10,209,E,"4,5,6,7,8,9,10,11,12,13",,These are internal notes. @sec[209],These are E Row,,75.30,62.75,62.75,62.75,Y,N,2025-05-10,N,Y,NEVERLEAVEONE,,MOBILE_TRANSFER,N,,
36342797-f484-45df-b73b-b8a406163fdf,J Balvin - Back To The Rayo Tour,"Golden 1 Center, Sacramento, CA",2025-05-11T20:00:00.000Z,5366891,3,209,E,"1,2,3",,These are internal notes. @sec[209],These are E Row,,75.30,62.75,62.75,62.75,Y,N,2025-05-10,N,Y,NEVERLEAVEONE,,MOBILE_TRANSFER,N,,
c0e3fd0a-bc67-4425-859f-b50730262f58,J Balvin - Back To The Rayo Tour,"Golden 1 Center, Sacramento, CA",2025-05-11T20:00:00.000Z,5366891,11,209,F,"4,5,6,7,8,9,10,11,12,13,14",,These are internal notes. @sec[209],These are F Row,,75.30,62.75,62.75,62.75,Y,N,2025-05-10,N,Y,NEVERLEAVEONE,,MOBILE_TRANSFER,N,,
eff4b0fc-48e4-4162-a8ac-63ef5f2a26be,J Balvin - Back To The Rayo Tour,"Golden 1 Center, Sacramento, CA",2025-05-11T20:00:00.000Z,5366891,3,209,F,"1,2,3",,These are internal notes. @sec[209],These are F Row,,75.30,62.75,62.75,62.75,Y,N,2025-05-10,N,Y,NEVERLEAVEONE,,MOBILE_TRANSFER,N,,
8f5a9df8-7ccb-4566-8f15-905010a99460,J Balvin - Back To The Rayo Tour,"Golden 1 Center, Sacramento, CA",2025-05-11T20:00:00.000Z,5366891,11,209,G,"4,5,6,7,8,9,10,11,12,13,14",,These are internal notes. @sec[209],These are G Row,,75.30,62.75,62.75,62.75,Y,N,2025-05-10,N,Y,NEVERLEAVEONE,,MOBILE_TRANSFER,N,,
6c748aa9-9f2a-4523-bc42-1aeb0185bebb,J Balvin - Back To The Rayo Tour,"Golden 1 Center, Sacramento, CA",2025-05-11T20:00:00.000Z,5366891,3,209,G,"1,2,3",,These are internal notes. @sec[209],These are G Row,,75.30,62.75,62.75,62.75,Y,N,2025-05-10,N,Y,NEVERLEAVEONE,,MOBILE_TRANSFER,N,,
6b4432d8-4ba2-45c8-aab8-224970fa60e0,J Balvin - Back To The Rayo Tour,"Golden 1 Center, Sacramento, CA",2025-05-11T20:00:00.000Z,5366891,19,209,H,"4,5,6,7,8,9,10,11,12,13,14,15,16,17,18,19,20,21,22",,These are internal notes. @sec[209],These are H Row,,75.30,62.75,62.75,62.75,Y,N,2025-05-10,N,Y,NEVERLEAVEONE,,MOBILE_TRANSFER,N,,
644c9fef-812a-431e-bbf4-a7cb7d648c29,J Balvin - Back To The Rayo Tour,"Golden 1 Center, Sacramento, CA",2025-05-11T20:00:00.000Z,5366891,3,209,H,"1,2,3",,These are internal notes. @sec[209],These are H Row,,75.30,62.75,62.75,62.75,Y,N,2025-05-10,N,Y,NEVERLEAVEONE,,MOBILE_TRANSFER,N,,
3862787b-420e-4670-8b6d-177b8d464a9d,J Balvin - Back To The Rayo Tour,"Golden 1 Center, Sacramento, CA",2025-05-11T20:00:00.000Z,5366891,20,209,J,"6,7,8,9,10,11,12,13,14,15,16,17,18,19,20,21,22,23,24,25",,These are internal notes. @sec[209],These are J Row,,75.30,62.75,62.75,62.75,Y,N,2025-05-10,N,Y,NEVERLEAVEONE,,MOBILE_TRANSFER,N,,
8ceef664-7e16-4b76-878e-f659af206bb7,J Balvin - Back To The Rayo Tour,"Golden 1 Center, Sacramento, CA",2025-05-11T20:00:00.000Z,5366891,23,209,K,"4,5,6,7,8,9,10,11,12,13,14,15,16,17,18,19,20,21,22,23,24,25,26",,These are internal notes. @sec[209],These are K Row,,75.30,62.75,62.75,62.75,Y,N,2025-05-10,N,Y,NEVERLEAVEONE,,MOBILE_TRANSFER,N,,
a30de793-39ca-45c1-8d14-8da668c36076,J Balvin - Back To The Rayo Tour,"Golden 1 Center, Sacramento, CA",2025-05-11T20:00:00.000Z,5366891,24,209,L,"4,5,6,7,8,9,10,11,12,13,14,15,16,17,18,19,20,21,22,23,24,25,26,27",,These are internal notes. @sec[209],These are L Row,,75.30,62.75,62.75,62.75,Y,N,2025-05-10,N,Y,NEVERLEAVEONE,,MOBILE_TRANSFER,N,,
83b87431-f470-434f-8eb5-d6872f14c02e,J Balvin - Back To The Rayo Tour,"Golden 1 Center, Sacramento, CA",2025-05-11T20:00:00.000Z,5366891,3,209,L,"1,2,3",,These are internal notes. @sec[209],These are L Row,,75.30,62.75,62.75,62.75,Y,N,2025-05-10,N,Y,NEVERLEAVEONE,,MOBILE_TRANSFER,N,,
67dc4b76-b215-4ab9-bda8-a9a26f9ce8cb,J Balvin - Back To The Rayo Tour,"Golden 1 Center, Sacramento, CA",2025-05-11T20:00:00.000Z,5366891,24,209,M,"4,5,6,7,8,9,10,11,12,13,14,15,16,17,18,19,20,21,22,23,24,25,26,27",,These are internal notes. @sec[209],These are M Row,,75.30,62.75,62.75,62.75,Y,N,2025-05-10,N,Y,NEVERLEAVEONE,,MOBILE_TRANSFER,N,,
b6435307-7aba-4121-be0f-f25efbce279b,J Balvin - Back To The Rayo Tour,"Golden 1 Center, Sacramento, CA",2025-05-11T20:00:00.000Z,5366891,3,209,M,"1,2,3",,These are internal notes. @sec[209],These are M Row,,75.30,62.75,62.75,62.75,Y,N,2025-05-10,N,Y,NEVERLEAVEONE,,MOBILE_TRANSFER,N,,
85624614-7f7b-43fb-ad1a-d2ba23eb3331,J Balvin - Back To The Rayo Tour,"Golden 1 Center, Sacramento, CA",2025-05-11T20:00:00.000Z,5366891,25,209,N,"4,5,6,7,8,9,10,11,12,13,14,15,16,17,18,19,20,21,22,23,24,25,26,27,28",,These are internal notes. @sec[209],These are N Row,,75.30,62.75,62.75,62.75,Y,N,2025-05-10,N,Y,NEVERLEAVEONE,,MOBILE_TRANSFER,N,,
fb7587e4-34a0-4746-a5e0-5f4a4fb43cfb,J Balvin - Back To The Rayo Tour,"Golden 1 Center, Sacramento, CA",2025-05-11T20:00:00.000Z,5366891,3,209,N,"1,2,3",,These are internal notes. @sec[209],These are N Row,,75.30,62.75,62.75,62.75,Y,N,2025-05-10,N,Y,NEVERLEAVEONE,,MOBILE_TRANSFER,N,,
ed0397f3-2531-46ec-a84d-211e9bc98ee1,J Balvin - Back To The Rayo Tour,"Golden 1 Center, Sacramento, CA",2025-05-11T20:00:00.000Z,5366891,26,209,P,"4,5,6,7,8,9,10,11,12,13,14,15,16,17,18,19,20,21,22,23,24,25,26,27,28,29",,These are internal notes. @sec[209],These are P Row,,75.30,62.75,62.75,62.75,Y,N,2025-05-10,N,Y,NEVERLEAVEONE,,MOBILE_TRANSFER,N,,
ec156b91-b250-4de5-86f5-c9f1dffaa729,J Balvin - Back To The Rayo Tour,"Golden 1 Center, Sacramento, CA",2025-05-11T20:00:00.000Z,5366891,3,209,P,"1,2,3",,These are internal notes. @sec[209],These are P Row,,75.30,62.75,62.75,62.75,Y,N,2025-05-10,N,Y,NEVERLEAVEONE,,MOBILE_TRANSFER,N,,
ad1ae592-6eb7-484a-8651-ca9d05fd844e,J Balvin - Back To The Rayo Tour,"Golden 1 Center, Sacramento, CA",2025-05-11T20:00:00.000Z,5366891,17,209,Q,"13,14,15,16,17,18,19,20,21,22,23,24,25,26,27,28,29",,These are internal notes. @sec[209],These are Q Row,,75.30,62.75,62.75,62.75,Y,N,2025-05-10,N,Y,NEVERLEAVEONE,,MOBILE_TRANSFER,N,,
87d5a0a6-0b96-4359-ba9d-43d4c9518b1e,J Balvin - Back To The Rayo Tour,"Golden 1 Center, Sacramento, CA",2025-05-11T20:00:00.000Z,5366891,2,210,B,"4,5",,These are internal notes. @sec[210],These are B Row,,75.30,62.75,62.75,62.75,Y,N,2025-05-10,N,Y,NEVERLEAVEONE,,MOBILE_TRANSFER,N,,
3a755d55-f659-49b9-9f24-f41dcfc6586e,J Balvin - Back To The Rayo Tour,"Golden 1 Center, Sacramento, CA",2025-05-11T20:00:00.000Z,5366891,3,210,H,"4,5,6",,These are internal notes. @sec[210],These are H Row,,75.30,62.75,62.75,62.75,Y,N,2025-05-10,N,Y,NEVERLEAVEONE,,MOBILE_TRANSFER,N,,
1e2e0944-993a-4a2d-b3ba-61ec383b5d46,J Balvin - Back To The Rayo Tour,"Golden 1 Center, Sacramento, CA",2025-05-11T20:00:00.000Z,5366891,2,210,J,"5,6",,These are internal notes. @sec[210],These are J Row,,75.30,62.75,62.75,62.75,Y,N,2025-05-10,N,Y,NEVERLEAVEONE,,MOBILE_TRANSFER,N,,
b512f47b-2502-47cf-af13-cefd24bc69a7,J Balvin - Back To The Rayo Tour,"Golden 1 Center, Sacramento, CA",2025-05-11T20:00:00.000Z,5366891,4,210,K,"4,5,6,7",,These are internal notes. @sec[210],These are K Row,,75.30,62.75,62.75,62.75,Y,N,2025-05-10,N,Y,NEVERLEAVEONE,,MOBILE_TRANSFER,N,,
4b3e56c9-2927-402e-8bd0-d4727b15b4e3,J Balvin - Back To The Rayo Tour,"Golden 1 Center, Sacramento, CA",2025-05-11T20:00:00.000Z,5366891,2,210,K,"2,3",,These are internal notes. @sec[210],These are K Row,,75.30,62.75,62.75,62.75,Y,N,2025-05-10,N,Y,NEVERLEAVEONE,,MOBILE_TRANSFER,N,,
c1b79615-294d-4b21-9a94-95399628f5dd,J Balvin - Back To The Rayo Tour,"Golden 1 Center, Sacramento, CA",2025-05-11T20:00:00.000Z,5366891,4,210,L,"4,5,6,7",,These are internal notes. @sec[210],These are L Row,,75.30,62.75,62.75,62.75,Y,N,2025-05-10,N,Y,NEVERLEAVEONE,,MOBILE_TRANSFER,N,,
25d0bab5-b8a6-417b-a64e-4688a1e9d2e1,J Balvin - Back To The Rayo Tour,"Golden 1 Center, Sacramento, CA",2025-05-11T20:00:00.000Z,5366891,3,210,L,"1,2,3",,These are internal notes. @sec[210],These are L Row,,75.30,62.75,62.75,62.75,Y,N,2025-05-10,N,Y,NEVERLEAVEONE,,MOBILE_TRANSFER,N,,
2ac1268c-abbc-4df5-9236-ac13a36239eb,J Balvin - Back To The Rayo Tour,"Golden 1 Center, Sacramento, CA",2025-05-11T20:00:00.000Z,5366891,5,210,M,"4,5,6,7,8",,These are internal notes. @sec[210],These are M Row,,75.30,62.75,62.75,62.75,Y,N,2025-05-10,N,Y,NEVERLEAVEONE,,MOBILE_TRANSFER,N,,
c450efc7-5247-40cf-94b3-63201c277e3b,J Balvin - Back To The Rayo Tour,"Golden 1 Center, Sacramento, CA",2025-05-11T20:00:00.000Z,5366891,3,210,M,"1,2,3",,These are internal notes. @sec[210],These are M Row,,75.30,62.75,62.75,62.75,Y,N,2025-05-10,N,Y,NEVERLEAVEONE,,MOBILE_TRANSFER,N,,
94545a15-8e79-4fa4-b6bb-daf37093d7e8,J Balvin - Back To The Rayo Tour,"Golden 1 Center, Sacramento, CA",2025-05-11T20:00:00.000Z,5366891,6,210,N,"4,5,6,7,8,9",,These are internal notes. @sec[210],These are N Row,,75.30,62.75,62.75,62.75,Y,N,2025-05-10,N,Y,NEVERLEAVEONE,,MOBILE_TRANSFER,N,,
f4cd389c-866e-4be0-9ca4-8ded218102e7,J Balvin - Back To The Rayo Tour,"Golden 1 Center, Sacramento, CA",2025-05-11T20:00:00.000Z,5366891,3,210,N,"1,2,3",,These are internal notes. @sec[210],These are N Row,,75.30,62.75,62.75,62.75,Y,N,2025-05-10,N,Y,NEVERLEAVEONE,,MOBILE_TRANSFER,N,,
0c85547f-f04a-4c30-91ec-7a64d1458de5,J Balvin - Back To The Rayo Tour,"Golden 1 Center, Sacramento, CA",2025-05-11T20:00:00.000Z,5366891,6,210,P,"4,5,6,7,8,9",,These are internal notes. @sec[210],These are P Row,,75.30,62.75,62.75,62.75,Y,N,2025-05-10,N,Y,NEVERLEAVEONE,,MOBILE_TRANSFER,N,,
2b61594a-e00c-4e03-9dbb-bf47f3ba1578,J Balvin - Back To The Rayo Tour,"Golden 1 Center, Sacramento, CA",2025-05-11T20:00:00.000Z,5366891,3,210,P,"1,2,3",,These are internal notes. @sec[210],These are P Row,,75.30,62.75,62.75,62.75,Y,N,2025-05-10,N,Y,NEVERLEAVEONE,,MOBILE_TRANSFER,N,,
a9fd5d10-40bd-4c86-848d-b9ae6b061a87,J Balvin - Back To The Rayo Tour,"Golden 1 Center, Sacramento, CA",2025-05-11T20:00:00.000Z,5366891,8,210,Q,"4,5,6,7,8,9,10,11",,These are internal notes. @sec[210],These are Q Row,,75.30,62.75,62.75,62.75,Y,N,2025-05-10,N,Y,NEVERLEAVEONE,,MOBILE_TRANSFER,N,,
be3edd0f-fe6b-4475-ad32-bc3bce84a629,J Balvin - Back To The Rayo Tour,"Golden 1 Center, Sacramento, CA",2025-05-11T20:00:00.000Z,5366891,3,210,Q,"1,2,3",,These are internal notes. @sec[210],These are Q Row,,75.30,62.75,62.75,62.75,Y,N,2025-05-10,N,Y,NEVERLEAVEONE,,MOBILE_TRANSFER,N,,
52ce2a28-0a70-4f53-bbfd-a63443c71430,J Balvin - Back To The Rayo Tour,"Golden 1 Center, Sacramento, CA",2025-05-11T20:00:00.000Z,5366891,7,210,R,"5,6,7,8,9,10,11",,These are internal notes. @sec[210],These are R Row,,75.30,62.75,62.75,62.75,Y,N,2025-05-10,N,Y,NEVERLEAVEONE,,MOBILE_TRANSFER,N,,
a3a3e8fc-70d7-4d83-9b0b-537ecd51c33c,J Balvin - Back To The Rayo Tour,"Golden 1 Center, Sacramento, CA",2025-05-11T20:00:00.000Z,5366891,10,211,B,"5,6,7,8,9,10,11,12,13,14",,These are internal notes. @sec[211],These are B Row,,105.96,88.3,88.3,88.3,Y,N,2025-05-10,N,Y,NEVERLEAVEONE,,MOBILE_TRANSFER,N,,
2ba29dee-14f4-4ae7-b3e7-f22cdfd5d0b6,J Balvin - Back To The Rayo Tour,"Golden 1 Center, Sacramento, CA",2025-05-11T20:00:00.000Z,5366891,6,212,B,"11,12,13,14,15,16",,These are internal notes. @sec[212],These are B Row,,105.96,88.3,88.3,88.3,Y,N,2025-05-10,N,Y,NEVERLEAVEONE,,MOBILE_TRANSFER,N,,
2bcea320-4074-4b6b-b894-9638e58d3d0c,J Balvin - Back To The Rayo Tour,"Golden 1 Center, Sacramento, CA",2025-05-11T20:00:00.000Z,5366891,2,213,A,"10,11",,These are internal notes. @sec[213],These are A Row,,75.30,62.75,62.75,62.75,Y,N,2025-05-10,N,Y,NEVERLEAVEONE,,MOBILE_TRANSFER,N,,
5ae07937-2c7f-4ac9-8971-6a902ee24cd7,J Balvin - Back To The Rayo Tour,"Golden 1 Center, Sacramento, CA",2025-05-11T20:00:00.000Z,5366891,6,213,B,"10,11,12,13,14,15",,These are internal notes. @sec[213],These are B Row,,75.30,62.75,62.75,62.75,Y,N,2025-05-10,N,Y,NEVERLEAVEONE,,MOBILE_TRANSFER,N,,
cc589f3f-b61b-4783-aafe-53048902d390,J Balvin - Back To The Rayo Tour,"Golden 1 Center, Sacramento, CA",2025-05-11T20:00:00.000Z,5366891,4,213,H,"6,7,8,9",,These are internal notes. @sec[213],These are H Row,,75.30,62.75,62.75,62.75,Y,N,2025-05-10,N,Y,NEVERLEAVEONE,,MOBILE_TRANSFER,N,,
c56b1869-51ab-491c-a1dd-be98c5149244,J Balvin - Back To The Rayo Tour,"Golden 1 Center, Sacramento, CA",2025-05-11T20:00:00.000Z,5366891,6,213,J,"7,8,9,10,11,12",,These are internal notes. @sec[213],These are J Row,,75.30,62.75,62.75,62.75,Y,N,2025-05-10,N,Y,NEVERLEAVEONE,,MOBILE_TRANSFER,N,,
76a2e167-2fe5-4a6c-b17d-6031bfe2a75f,J Balvin - Back To The Rayo Tour,"Golden 1 Center, Sacramento, CA",2025-05-11T20:00:00.000Z,5366891,7,213,K,"7,8,9,10,11,12,13",,These are internal notes. @sec[213],These are K Row,,75.30,62.75,62.75,62.75,Y,N,2025-05-10,N,Y,NEVERLEAVEONE,,MOBILE_TRANSFER,N,,
f581516d-17c5-4a8b-9f38-39344bc6c46f,J Balvin - Back To The Rayo Tour,"Golden 1 Center, Sacramento, CA",2025-05-11T20:00:00.000Z,5366891,7,213,L,"7,8,9,10,11,12,13",,These are internal notes. @sec[213],These are L Row,,75.30,62.75,62.75,62.75,Y,N,2025-05-10,N,Y,NEVERLEAVEONE,,MOBILE_TRANSFER,N,,
30487e50-a842-4372-952c-fefdd2c55b03,J Balvin - Back To The Rayo Tour,"Golden 1 Center, Sacramento, CA",2025-05-11T20:00:00.000Z,5366891,8,213,M,"7,8,9,10,11,12,13,14",,These are internal notes. @sec[213],These are M Row,,75.30,62.75,62.75,62.75,Y,N,2025-05-10,N,Y,NEVERLEAVEONE,,MOBILE_TRANSFER,N,,
39f8fefe-cf1e-4458-b763-24be99562dc5,J Balvin - Back To The Rayo Tour,"Golden 1 Center, Sacramento, CA",2025-05-11T20:00:00.000Z,5366891,9,213,N,"7,8,9,10,11,12,13,14,15",,These are internal notes. @sec[213],These are N Row,,75.30,62.75,62.75,62.75,Y,N,2025-05-10,N,Y,NEVERLEAVEONE,,MOBILE_TRANSFER,N,,
53e99327-6854-4515-a6ca-4bfe2cae9652,J Balvin - Back To The Rayo Tour,"Golden 1 Center, Sacramento, CA",2025-05-11T20:00:00.000Z,5366891,10,213,P,"9,10,11,12,13,14,15,16,17,18",,These are internal notes. @sec[213],These are P Row,,75.30,62.75,62.75,62.75,Y,N,2025-05-10,N,Y,NEVERLEAVEONE,,MOBILE_TRANSFER,N,,
d53b342b-5088-4a0e-885a-d6662c5b8802,J Balvin - Back To The Rayo Tour,"Golden 1 Center, Sacramento, CA",2025-05-11T20:00:00.000Z,5366891,11,213,Q,"9,10,11,12,13,14,15,16,17,18,19",,These are internal notes. @sec[213],These are Q Row,,75.30,62.75,62.75,62.75,Y,N,2025-05-10,N,Y,NEVERLEAVEONE,,MOBILE_TRANSFER,N,,
b9c34b30-883e-40a7-b21d-497fbfbb7b63,J Balvin - Back To The Rayo Tour,"Golden 1 Center, Sacramento, CA",2025-05-11T20:00:00.000Z,5366891,12,213,R,"9,10,11,12,13,14,15,16,17,18,19,20",,These are internal notes. @sec[213],These are R Row,,75.30,62.75,62.75,62.75,Y,N,2025-05-10,N,Y,NEVERLEAVEONE,,MOBILE_TRANSFER,N,,
a3b57efd-2969-4916-9800-42a8f32fc983,J Balvin - Back To The Rayo Tour,"Golden 1 Center, Sacramento, CA",2025-05-11T20:00:00.000Z,5366891,16,214,A,"4,5,6,7,8,9,10,11,12,13,14,15,16,17,18,19",,These are internal notes. @sec[214],These are A Row,,75.30,62.75,62.75,62.75,Y,N,2025-05-10,N,Y,NEVERLEAVEONE,,MOBILE_TRANSFER,N,,
217b8257-c2fe-4ab1-86b7-5902ddba1d5a,J Balvin - Back To The Rayo Tour,"Golden 1 Center, Sacramento, CA",2025-05-11T20:00:00.000Z,5366891,16,214,B,"4,5,6,7,8,9,10,11,12,13,14,15,16,17,18,19",,These are internal notes. @sec[214],These are B Row,,75.30,62.75,62.75,62.75,Y,N,2025-05-10,N,Y,NEVERLEAVEONE,,MOBILE_TRANSFER,N,,
98079599-76ee-4a37-8960-6b393ae3cd46,J Balvin - Back To The Rayo Tour,"Golden 1 Center, Sacramento, CA",2025-05-11T20:00:00.000Z,5366891,3,214,B,"1,2,3",,These are internal notes. @sec[214],These are B Row,,75.30,62.75,62.75,62.75,Y,N,2025-05-10,N,Y,NEVERLEAVEONE,,MOBILE_TRANSFER,N,,
32a0993a-4f64-4c86-b8f5-47c53b57d0d3,J Balvin - Back To The Rayo Tour,"Golden 1 Center, Sacramento, CA",2025-05-11T20:00:00.000Z,5366891,9,214,C,"4,5,6,7,8,9,10,11,12",,These are internal notes. @sec[214],These are C Row,,75.30,62.75,62.75,62.75,Y,N,2025-05-10,N,Y,NEVERLEAVEONE,,MOBILE_TRANSFER,N,,
0899f684-176a-4bd8-a511-13e1e376817b,J Balvin - Back To The Rayo Tour,"Golden 1 Center, Sacramento, CA",2025-05-11T20:00:00.000Z,5366891,3,214,C,"1,2,3",,These are internal notes. @sec[214],These are C Row,,75.30,62.75,62.75,62.75,Y,N,2025-05-10,N,Y,NEVERLEAVEONE,,MOBILE_TRANSFER,N,,
ed006e04-31cb-468c-9fe5-da6550d0b2a4,J Balvin - Back To The Rayo Tour,"Golden 1 Center, Sacramento, CA",2025-05-11T20:00:00.000Z,5366891,10,214,D,"4,5,6,7,8,9,10,11,12,13",,These are internal notes. @sec[214],These are D Row,,75.30,62.75,62.75,62.75,Y,N,2025-05-10,N,Y,NEVERLEAVEONE,,MOBILE_TRANSFER,N,,
24cd1ff6-e64f-4b43-ad87-be31c9f9e09b,J Balvin - Back To The Rayo Tour,"Golden 1 Center, Sacramento, CA",2025-05-11T20:00:00.000Z,5366891,3,214,D,"1,2,3",,These are internal notes. @sec[214],These are D Row,,75.30,62.75,62.75,62.75,Y,N,2025-05-10,N,Y,NEVERLEAVEONE,,MOBILE_TRANSFER,N,,
13b1dd90-c72c-4593-ba63-15f316b619f3,J Balvin - Back To The Rayo Tour,"Golden 1 Center, Sacramento, CA",2025-05-11T20:00:00.000Z,5366891,10,214,E,"4,5,6,7,8,9,10,11,12,13",,These are internal notes. @sec[214],These are E Row,,75.30,62.75,62.75,62.75,Y,N,2025-05-10,N,Y,NEVERLEAVEONE,,MOBILE_TRANSFER,N,,
51b541c5-2d90-4883-95ac-d0958fa22f01,J Balvin - Back To The Rayo Tour,"Golden 1 Center, Sacramento, CA",2025-05-11T20:00:00.000Z,5366891,3,214,E,"1,2,3",,These are internal notes. @sec[214],These are E Row,,75.30,62.75,62.75,62.75,Y,N,2025-05-10,N,Y,NEVERLEAVEONE,,MOBILE_TRANSFER,N,,
6fca1634-647f-4da0-ae5e-042180b85b1a,J Balvin - Back To The Rayo Tour,"Golden 1 Center, Sacramento, CA",2025-05-11T20:00:00.000Z,5366891,11,214,F,"4,5,6,7,8,9,10,11,12,13,14",,These are internal notes. @sec[214],These are F Row,,75.30,62.75,62.75,62.75,Y,N,2025-05-10,N,Y,NEVERLEAVEONE,,MOBILE_TRANSFER,N,,
ef683278-541a-4219-8866-83044a0f3b14,J Balvin - Back To The Rayo Tour,"Golden 1 Center, Sacramento, CA",2025-05-11T20:00:00.000Z,5366891,3,214,F,"1,2,3",,These are internal notes. @sec[214],These are F Row,,75.30,62.75,62.75,62.75,Y,N,2025-05-10,N,Y,NEVERLEAVEONE,,MOBILE_TRANSFER,N,,
3f076777-e26b-4cb9-aa60-f3b4de688101,J Balvin - Back To The Rayo Tour,"Golden 1 Center, Sacramento, CA",2025-05-11T20:00:00.000Z,5366891,11,214,G,"4,5,6,7,8,9,10,11,12,13,14",,These are internal notes. @sec[214],These are G Row,,75.30,62.75,62.75,62.75,Y,N,2025-05-10,N,Y,NEVERLEAVEONE,,MOBILE_TRANSFER,N,,
f5e3cc17-d83f-4cdd-8ddc-cc5c0daba592,J Balvin - Back To The Rayo Tour,"Golden 1 Center, Sacramento, CA",2025-05-11T20:00:00.000Z,5366891,3,214,G,"1,2,3",,These are internal notes. @sec[214],These are G Row,,75.30,62.75,62.75,62.75,Y,N,2025-05-10,N,Y,NEVERLEAVEONE,,MOBILE_TRANSFER,N,,
ab9de09a-9022-4fd1-92d4-15657a4d5b97,J Balvin - Back To The Rayo Tour,"Golden 1 Center, Sacramento, CA",2025-05-11T20:00:00.000Z,5366891,4,214,G,"17,18,19,20",,These are internal notes. @sec[214],These are G Row,,75.30,62.75,62.75,62.75,Y,N,2025-05-10,N,Y,NEVERLEAVEONE,,MOBILE_TRANSFER,N,,
d7fc03e4-9f86-4dae-8606-4f501d253775,J Balvin - Back To The Rayo Tour,"Golden 1 Center, Sacramento, CA",2025-05-11T20:00:00.000Z,5366891,19,214,H,"4,5,6,7,8,9,10,11,12,13,14,15,16,17,18,19,20,21,22",,These are internal notes. @sec[214],These are H Row,,75.30,62.75,62.75,62.75,Y,N,2025-05-10,N,Y,NEVERLEAVEONE,,MOBILE_TRANSFER,N,,
e8f7b035-c0d4-49ee-87a2-e84e5a6e3075,J Balvin - Back To The Rayo Tour,"Golden 1 Center, Sacramento, CA",2025-05-11T20:00:00.000Z,5366891,3,214,H,"1,2,3",,These are internal notes. @sec[214],These are H Row,,75.30,62.75,62.75,62.75,Y,N,2025-05-10,N,Y,NEVERLEAVEONE,,MOBILE_TRANSFER,N,,
e8c2aef0-c149-4395-99d2-7a3297e89941,J Balvin - Back To The Rayo Tour,"Golden 1 Center, Sacramento, CA",2025-05-11T20:00:00.000Z,5366891,22,214,J,"4,5,6,7,8,9,10,11,12,13,14,15,16,17,18,19,20,21,22,23,24,25",,These are internal notes. @sec[214],These are J Row,,75.30,62.75,62.75,62.75,Y,N,2025-05-10,N,Y,NEVERLEAVEONE,,MOBILE_TRANSFER,N,,
f4dc515d-e263-4a8e-ab1d-aae66aa80331,J Balvin - Back To The Rayo Tour,"Golden 1 Center, Sacramento, CA",2025-05-11T20:00:00.000Z,5366891,3,214,J,"1,2,3",,These are internal notes. @sec[214],These are J Row,,75.30,62.75,62.75,62.75,Y,N,2025-05-10,N,Y,NEVERLEAVEONE,,MOBILE_TRANSFER,N,,
3e6f574d-2a17-492d-b742-7f93b166da63,J Balvin - Back To The Rayo Tour,"Golden 1 Center, Sacramento, CA",2025-05-11T20:00:00.000Z,5366891,23,214,K,"4,5,6,7,8,9,10,11,12,13,14,15,16,17,18,19,20,21,22,23,24,25,26",,These are internal notes. @sec[214],These are K Row,,75.30,62.75,62.75,62.75,Y,N,2025-05-10,N,Y,NEVERLEAVEONE,,MOBILE_TRANSFER,N,,
51bbfe01-29b3-4470-85d9-4a25b36195bd,J Balvin - Back To The Rayo Tour,"Golden 1 Center, Sacramento, CA",2025-05-11T20:00:00.000Z,5366891,3,214,K,"1,2,3",,These are internal notes. @sec[214],These are K Row,,75.30,62.75,62.75,62.75,Y,N,2025-05-10,N,Y,NEVERLEAVEONE,,MOBILE_TRANSFER,N,,
855176e8-4ec2-44bb-8d86-a638eaf37d03,J Balvin - Back To The Rayo Tour,"Golden 1 Center, Sacramento, CA",2025-05-11T20:00:00.000Z,5366891,24,214,L,"4,5,6,7,8,9,10,11,12,13,14,15,16,17,18,19,20,21,22,23,24,25,26,27",,These are internal notes. @sec[214],These are L Row,,75.30,62.75,62.75,62.75,Y,N,2025-05-10,N,Y,NEVERLEAVEONE,,MOBILE_TRANSFER,N,,
e6d5daeb-ce36-4078-98dd-d3b06005bdf1,J Balvin - Back To The Rayo Tour,"Golden 1 Center, Sacramento, CA",2025-05-11T20:00:00.000Z,5366891,3,214,L,"1,2,3",,These are internal notes. @sec[214],These are L Row,,75.30,62.75,62.75,62.75,Y,N,2025-05-10,N,Y,NEVERLEAVEONE,,MOBILE_TRANSFER,N,,
805f5d9c-cad6-493c-940e-ebf80ad17b0d,J Balvin - Back To The Rayo Tour,"Golden 1 Center, Sacramento, CA",2025-05-11T20:00:00.000Z,5366891,24,214,M,"4,5,6,7,8,9,10,11,12,13,14,15,16,17,18,19,20,21,22,23,24,25,26,27",,These are internal notes. @sec[214],These are M Row,,75.30,62.75,62.75,62.75,Y,N,2025-05-10,N,Y,NEVERLEAVEONE,,MOBILE_TRANSFER,N,,
e51a6d16-ec0c-4989-b28c-8fd21f3c198f,J Balvin - Back To The Rayo Tour,"Golden 1 Center, Sacramento, CA",2025-05-11T20:00:00.000Z,5366891,3,214,M,"1,2,3",,These are internal notes. @sec[214],These are M Row,,75.30,62.75,62.75,62.75,Y,N,2025-05-10,N,Y,NEVERLEAVEONE,,MOBILE_TRANSFER,N,,
28746960-bbf0-4072-8adb-dcc66b26f18c,J Balvin - Back To The Rayo Tour,"Golden 1 Center, Sacramento, CA",2025-05-11T20:00:00.000Z,5366891,25,214,N,"4,5,6,7,8,9,10,11,12,13,14,15,16,17,18,19,20,21,22,23,24,25,26,27,28",,These are internal notes. @sec[214],These are N Row,,75.30,62.75,62.75,62.75,Y,N,2025-05-10,N,Y,NEVERLEAVEONE,,MOBILE_TRANSFER,N,,
1d8f9ef3-7b7b-4c5d-a99f-85a1265ccefc,J Balvin - Back To The Rayo Tour,"Golden 1 Center, Sacramento, CA",2025-05-11T20:00:00.000Z,5366891,3,214,N,"1,2,3",,These are internal notes. @sec[214],These are N Row,,75.30,62.75,62.75,62.75,Y,N,2025-05-10,N,Y,NEVERLEAVEONE,,MOBILE_TRANSFER,N,,
d4a32d5b-1e2c-4410-9118-10efbd7136dd,J Balvin - Back To The Rayo Tour,"Golden 1 Center, Sacramento, CA",2025-05-11T20:00:00.000Z,5366891,26,214,P,"4,5,6,7,8,9,10,11,12,13,14,15,16,17,18,19,20,21,22,23,24,25,26,27,28,29",,These are internal notes. @sec[214],These are P Row,,75.30,62.75,62.75,62.75,Y,N,2025-05-10,N,Y,NEVERLEAVEONE,,MOBILE_TRANSFER,N,,
aa92b2b1-e547-4b20-bc1b-5485b7dabe21,J Balvin - Back To The Rayo Tour,"Golden 1 Center, Sacramento, CA",2025-05-11T20:00:00.000Z,5366891,3,214,P,"1,2,3",,These are internal notes. @sec[214],These are P Row,,75.30,62.75,62.75,62.75,Y,N,2025-05-10,N,Y,NEVERLEAVEONE,,MOBILE_TRANSFER,N,,
8c2a6d7b-b420-4a22-9f05-8c779b758fda,J Balvin - Back To The Rayo Tour,"Golden 1 Center, Sacramento, CA",2025-05-11T20:00:00.000Z,5366891,19,214,Q,"11,12,13,14,15,16,17,18,19,20,21,22,23,24,25,26,27,28,29",,These are internal notes. @sec[214],These are Q Row,,75.30,62.75,62.75,62.75,Y,N,2025-05-10,N,Y,NEVERLEAVEONE,,MOBILE_TRANSFER,N,,
a580c6c0-4848-4966-a762-db19d5a0c8f9,J Balvin - Back To The Rayo Tour,"Golden 1 Center, Sacramento, CA",2025-05-11T20:00:00.000Z,5366891,2,215,A,"4,5",,These are internal notes. @sec[215],These are A Row,,75.30,62.75,62.75,62.75,Y,N,2025-05-10,N,Y,NEVERLEAVEONE,,MOBILE_TRANSFER,N,,
7f7a8231-430a-4adb-979c-0682e21487ea,J Balvin - Back To The Rayo Tour,"Golden 1 Center, Sacramento, CA",2025-05-11T20:00:00.000Z,5366891,8,215,A,"8,9,10,11,12,13,14,15",,These are internal notes. @sec[215],These are A Row,,75.30,62.75,62.75,62.75,Y,N,2025-05-10,N,Y,NEVERLEAVEONE,,MOBILE_TRANSFER,N,,
b9197a12-b401-4989-9908-e52f30efde96,J Balvin - Back To The Rayo Tour,"Golden 1 Center, Sacramento, CA",2025-05-11T20:00:00.000Z,5366891,3,215,A,"1,2,3",,These are internal notes. @sec[215],These are A Row,,75.30,62.75,62.75,62.75,Y,N,2025-05-10,N,Y,NEVERLEAVEONE,,MOBILE_TRANSFER,N,,
82714700-e469-45dd-973a-1cbbd80f96b4,J Balvin - Back To The Rayo Tour,"Golden 1 Center, Sacramento, CA",2025-05-11T20:00:00.000Z,5366891,3,215,B,"17,18,19",,These are internal notes. @sec[215],These are B Row,,75.30,62.75,62.75,62.75,Y,N,2025-05-10,N,Y,NEVERLEAVEONE,,MOBILE_TRANSFER,N,,
c179f667-1547-4ea9-ad98-b1936f41bc88,J Balvin - Back To The Rayo Tour,"Golden 1 Center, Sacramento, CA",2025-05-11T20:00:00.000Z,5366891,7,215,E,"4,5,6,7,8,9,10",,These are internal notes. @sec[215],These are E Row,,75.30,62.75,62.75,62.75,Y,N,2025-05-10,N,Y,NEVERLEAVEONE,,MOBILE_TRANSFER,N,,
3fca192e-c5f9-408d-8beb-a2fe888df13f,J Balvin - Back To The Rayo Tour,"Golden 1 Center, Sacramento, CA",2025-05-11T20:00:00.000Z,5366891,3,215,E,"1,2,3",,These are internal notes. @sec[215],These are E Row,,75.30,62.75,62.75,62.75,Y,N,2025-05-10,N,Y,NEVERLEAVEONE,,MOBILE_TRANSFER,N,,
9900f2cd-5144-47bb-baa3-ab13d96e698a,J Balvin - Back To The Rayo Tour,"Golden 1 Center, Sacramento, CA",2025-05-11T20:00:00.000Z,5366891,8,215,F,"4,5,6,7,8,9,10,11",,These are internal notes. @sec[215],These are F Row,,75.30,62.75,62.75,62.75,Y,N,2025-05-10,N,Y,NEVERLEAVEONE,,MOBILE_TRANSFER,N,,
4f3f77b1-bc1b-4721-945e-0977231c462e,J Balvin - Back To The Rayo Tour,"Golden 1 Center, Sacramento, CA",2025-05-11T20:00:00.000Z,5366891,3,215,F,"1,2,3",,These are internal notes. @sec[215],These are F Row,,75.30,62.75,62.75,62.75,Y,N,2025-05-10,N,Y,NEVERLEAVEONE,,MOBILE_TRANSFER,N,,
002fe465-a6b9-4ded-bab8-ecf659174561,J Balvin - Back To The Rayo Tour,"Golden 1 Center, Sacramento, CA",2025-05-11T20:00:00.000Z,5366891,12,215,G,"4,5,6,7,8,9,10,11,12,13,14,15",,These are internal notes. @sec[215],These are G Row,,75.30,62.75,62.75,62.75,Y,N,2025-05-10,N,Y,NEVERLEAVEONE,,MOBILE_TRANSFER,N,,
96e4ffe0-a881-4171-8a2e-8b79aa6272c3,J Balvin - Back To The Rayo Tour,"Golden 1 Center, Sacramento, CA",2025-05-11T20:00:00.000Z,5366891,3,215,G,"1,2,3",,These are internal notes. @sec[215],These are G Row,,75.30,62.75,62.75,62.75,Y,N,2025-05-10,N,Y,NEVERLEAVEONE,,MOBILE_TRANSFER,N,,
5c4f012d-b3a2-480d-844e-495549b143f9,J Balvin - Back To The Rayo Tour,"Golden 1 Center, Sacramento, CA",2025-05-11T20:00:00.000Z,5366891,12,215,H,"4,5,6,7,8,9,10,11,12,13,14,15",,These are internal notes. @sec[215],These are H Row,,75.30,62.75,62.75,62.75,Y,N,2025-05-10,N,Y,NEVERLEAVEONE,,MOBILE_TRANSFER,N,,
22c6b842-661a-40ca-91b4-c37027f049be,J Balvin - Back To The Rayo Tour,"Golden 1 Center, Sacramento, CA",2025-05-11T20:00:00.000Z,5366891,3,215,H,"1,2,3",,These are internal notes. @sec[215],These are H Row,,75.30,62.75,62.75,62.75,Y,N,2025-05-10,N,Y,NEVERLEAVEONE,,MOBILE_TRANSFER,N,,
cf96d48c-5cbb-4e8a-b31e-69cc54dadca0,J Balvin - Back To The Rayo Tour,"Golden 1 Center, Sacramento, CA",2025-05-11T20:00:00.000Z,5366891,13,215,J,"4,5,6,7,8,9,10,11,12,13,14,15,16",,These are internal notes. @sec[215],These are J Row,,75.30,62.75,62.75,62.75,Y,N,2025-05-10,N,Y,NEVERLEAVEONE,,MOBILE_TRANSFER,N,,
4ac58744-9e56-4259-8f21-22ce15f47dbe,J Balvin - Back To The Rayo Tour,"Golden 1 Center, Sacramento, CA",2025-05-11T20:00:00.000Z,5366891,3,215,J,"1,2,3",,These are internal notes. @sec[215],These are J Row,,75.30,62.75,62.75,62.75,Y,N,2025-05-10,N,Y,NEVERLEAVEONE,,MOBILE_TRANSFER,N,,
86cb161e-0c02-478c-805a-c03d4492c19d,J Balvin - Back To The Rayo Tour,"Golden 1 Center, Sacramento, CA",2025-05-11T20:00:00.000Z,5366891,3,215,J,"20,21,22",,These are internal notes. @sec[215],These are J Row,,75.30,62.75,62.75,62.75,Y,N,2025-05-10,N,Y,NEVERLEAVEONE,,MOBILE_TRANSFER,N,,
ec3008ea-fdd9-484d-abf5-6a44788ef008,J Balvin - Back To The Rayo Tour,"Golden 1 Center, Sacramento, CA",2025-05-11T20:00:00.000Z,5366891,19,215,K,"4,5,6,7,8,9,10,11,12,13,14,15,16,17,18,19,20,21,22",,These are internal notes. @sec[215],These are K Row,,75.30,62.75,62.75,62.75,Y,N,2025-05-10,N,Y,NEVERLEAVEONE,,MOBILE_TRANSFER,N,,
8aace4aa-3e0c-49ed-b589-95bf5095bad8,J Balvin - Back To The Rayo Tour,"Golden 1 Center, Sacramento, CA",2025-05-11T20:00:00.000Z,5366891,3,215,K,"1,2,3",,These are internal notes. @sec[215],These are K Row,,75.30,62.75,62.75,62.75,Y,N,2025-05-10,N,Y,NEVERLEAVEONE,,MOBILE_TRANSFER,N,,
be5ae2f4-7986-49be-93f2-55748c9927d0,J Balvin - Back To The Rayo Tour,"Golden 1 Center, Sacramento, CA",2025-05-11T20:00:00.000Z,5366891,18,215,L,"4,5,6,7,8,9,10,11,12,13,14,15,16,17,18,19,20,21",,These are internal notes. @sec[215],These are L Row,,75.30,62.75,62.75,62.75,Y,N,2025-05-10,N,Y,NEVERLEAVEONE,,MOBILE_TRANSFER,N,,
3158339e-fafc-4768-8515-00bfed0ec924,J Balvin - Back To The Rayo Tour,"Golden 1 Center, Sacramento, CA",2025-05-11T20:00:00.000Z,5366891,3,215,L,"1,2,3",,These are internal notes. @sec[215],These are L Row,,75.30,62.75,62.75,62.75,Y,N,2025-05-10,N,Y,NEVERLEAVEONE,,MOBILE_TRANSFER,N,,
348f59aa-16c3-457a-878e-c7655d9dbfff,J Balvin - Back To The Rayo Tour,"Golden 1 Center, Sacramento, CA",2025-05-11T20:00:00.000Z,5366891,17,215,M,"4,5,6,7,8,9,10,11,12,13,14,15,16,17,18,19,20",,These are internal notes. @sec[215],These are M Row,,75.30,62.75,62.75,62.75,Y,N,2025-05-10,N,Y,NEVERLEAVEONE,,MOBILE_TRANSFER,N,,
52bd5a28-d55d-4bb7-8842-54e1f591c14c,J Balvin - Back To The Rayo Tour,"Golden 1 Center, Sacramento, CA",2025-05-11T20:00:00.000Z,5366891,3,215,M,"1,2,3",,These are internal notes. @sec[215],These are M Row,,75.30,62.75,62.75,62.75,Y,N,2025-05-10,N,Y,NEVERLEAVEONE,,MOBILE_TRANSFER,N,,
c06730ed-4300-49b5-b034-e62146d586a2,J Balvin - Back To The Rayo Tour,"Golden 1 Center, Sacramento, CA",2025-05-11T20:00:00.000Z,5366891,17,215,N,"4,5,6,7,8,9,10,11,12,13,14,15,16,17,18,19,20",,These are internal notes. @sec[215],These are N Row,,75.30,62.75,62.75,62.75,Y,N,2025-05-10,N,Y,NEVERLEAVEONE,,MOBILE_TRANSFER,N,,
16ee574c-d252-47b4-8b3d-66d4967226a6,J Balvin - Back To The Rayo Tour,"Golden 1 Center, Sacramento, CA",2025-05-11T20:00:00.000Z,5366891,3,215,N,"1,2,3",,These are internal notes. @sec[215],These are N Row,,75.30,62.75,62.75,62.75,Y,N,2025-05-10,N,Y,NEVERLEAVEONE,,MOBILE_TRANSFER,N,,
3b4c2c92-3418-4872-8820-fc1626eb38b4,J Balvin - Back To The Rayo Tour,"Golden 1 Center, Sacramento, CA",2025-05-11T20:00:00.000Z,5366891,17,215,P,"4,5,6,7,8,9,10,11,12,13,14,15,16,17,18,19,20",,These are internal notes. @sec[215],These are P Row,,75.30,62.75,62.75,62.75,Y,N,2025-05-10,N,Y,NEVERLEAVEONE,,MOBILE_TRANSFER,N,,
73fca74b-8d62-45d7-a7fa-6cf4dfa4bbbb,J Balvin - Back To The Rayo Tour,"Golden 1 Center, Sacramento, CA",2025-05-11T20:00:00.000Z,5366891,3,215,P,"1,2,3",,These are internal notes. @sec[215],These are P Row,,75.30,62.75,62.75,62.75,Y,N,2025-05-10,N,Y,NEVERLEAVEONE,,MOBILE_TRANSFER,N,,
a688536d-cca8-450b-a5b6-6cf6830782a9,J Balvin - Back To The Rayo Tour,"Golden 1 Center, Sacramento, CA",2025-05-11T20:00:00.000Z,5366891,9,215,Q,"11,12,13,14,15,16,17,18,19",,These are internal notes. @sec[215],These are Q Row,,75.30,62.75,62.75,62.75,Y,N,2025-05-10,N,Y,NEVERLEAVEONE,,MOBILE_TRANSFER,N,,
daa134a2-a197-482e-a9e1-66c8915c0abb,J Balvin - Back To The Rayo Tour,"Golden 1 Center, Sacramento, CA",2025-05-11T20:00:00.000Z,5366891,3,215,B,"4,5,6",,These are internal notes. @sec[215],These are B Row,,75.30,62.75,62.75,62.75,Y,N,2025-05-10,N,Y,NEVERLEAVEONE,,MOBILE_TRANSFER,N,,
af3f92e8-44e2-4da7-86ee-9beee321e036,J Balvin - Back To The Rayo Tour,"Golden 1 Center, Sacramento, CA",2025-05-11T20:00:00.000Z,5366891,2,FLR 1,S,"7,8",,These are internal notes. @sec[FLR 1],These are S Row,,289.92,241.6,241.6,241.6,Y,N,2025-05-10,N,Y,NEVERLEAVEONE,,MOBILE_TRANSFER,N,,
2e04c1c9-7877-47b4-a8f1-d2f9e5100dcd,J Balvin - Back To The Rayo Tour,"Golden 1 Center, Sacramento, CA",2025-05-11T20:00:00.000Z,5366891,2,FLR 1,T,"7,8",,These are internal notes. @sec[FLR 1],These are T Row,,289.92,241.6,241.6,241.6,Y,N,2025-05-10,N,Y,NEVERLEAVEONE,,MOBILE_TRANSFER,N,,
0654a34f-e719-492f-9775-035e45174a54,J Balvin - Back To The Rayo Tour,"Golden 1 Center, Sacramento, CA",2025-05-11T20:00:00.000Z,5366891,2,FLR 3,T,"9,10",,These are internal notes. @sec[FLR 3],These are T Row,,289.92,241.6,241.6,241.6,Y,N,2025-05-10,N,Y,NEVERLEAVEONE,,MOBILE_TRANSFER,N,,
dcfbc7b8-311e-4602-8247-4cbe64bdefc3,J Balvin - Back To The Rayo Tour,"Golden 1 Center, Sacramento, CA",2025-05-11T20:00:00.000Z,5366891,2,FLR 3,X,"8,9",,These are internal notes. @sec[FLR 3],These are X Row,,289.92,241.6,241.6,241.6,Y,N,2025-05-10,N,Y,NEVERLEAVEONE,,MOBILE_TRANSFER,N,,
76c2989d-e58b-40df-936c-d16ab7318e06,J Balvin - Back To The Rayo Tour,"Golden 1 Center, Sacramento, CA",2025-05-11T20:00:00.000Z,5366891,2,FLR 3,Y,"8,9",,These are internal notes. @sec[FLR 3],These are Y Row,,289.92,241.6,241.6,241.6,Y,N,2025-05-10,N,Y,NEVERLEAVEONE,,MOBILE_TRANSFER,N,,
